{"label":0,"features":{"type":0,"size":20,"indices":[0,2,4,5,6,8,9,12,13,14,15,16,17,19],"values":[0.128541085622934,0.11906324480172763,0.39443590283830665,0.019493202078286614,1.606326432327067,0.03968774826724254,0.10233871322890992,0.16917873135476033,1.6759304943494504,0.39892704807239904,1.5898373402031658,0.14522506592741843,0.5251955640489435,0.4327145832597014]}}
{"label":0,"features":{"type":0,"size":20,"indices":[0,2,4,5,6,8,10,11,13,14,15,16,18,19],"values":[0.514164342491736,0.03968774826724254,0.39443590283830665,0.02729048290960126,0.40158160808176674,0.03968774826724254,0.6635997483169159,0.1153540813409802,1.117286996232967,0.13297568269079968,0.9539024041218994,0.21783759889112764,0.16203188752017736,0.8654291665194028]}}
{"label":0,"features":{"type":0,"size":20,"indices":[0,2,5,6,8,11,12,13,14,15,16,19],"values":[0.128541085622934,0.07937549653448508,0.023391842493943937,0.40158160808176674,0.03968774826724254,0.2307081626819604,0.16917873135476033,0.5586434981164835,0.26595136538159936,0.6359349360812663,0.21783759889112764,0.4327145832597014]}}
{"label":0,"features":{"type":0,"size":20,"indices":[0,1,2,3,4,5,7,8,9,10,12,13,14,15],"values":[0.38562325686880206,0.5251955640489435,0.11906324480172763,0.9379023661958116,0.39443590283830665,0.02729048290960126,0.22119991610563863,0.15875099306897017,0.20467742645781983,0.6635997483169159,0.507536194064281,1.117286996232967,0.26595136538159936,1.2718698721625326]}}
{"label":0,"features":{"type":0,"size":20,"indices":[0,2,3,5,6,7,8,11,12,13,14,15,16,17,19],"values":[0.38562325686880206,0.15875099306897017,0.3126341220652705,0.023391842493943937,0.40158160808176674,0.44239983221127727,0.11906324480172763,0.4614163253639208,0.33835746270952066,1.6759304943494504,0.26595136538159936,0.6359349360812663,0.29045013185483687,1.050391128097887,0.4327145832597014]}}
{"label":0,"features":{"type":0,"size":20,"indices":[1,2,3,4,5,6,7,8,9,10,11,13,14,15,16,17,18],"values":[0.5251955640489435,0.03968774826724254,0.9379023661958116,0.19721795141915333,0.015594561662629292,0.8031632161635335,0.44239983221127727,0.03968774826724254,0.10233871322890992,0.22119991610563863,0.3460622440229406,0.5586434981164835,1.329756826907997,1.9078048082437988,0.21783759889112764,0.5251955640489435,0.16203188752017736]}}
{"label":0,"features":{"type":0,"size":20,"indices":[0,1,2,3,4,5,6,7,8,9,10,11,12,13,14,15,16,18,19],"values":[0.257082171245868,1.050391128097887,0.31750198613794034,0.3126341220652705,0.59165385425746,0.023391842493943937,1.606326432327067,0.22119991610563863,0.07937549653448508,0.10233871322890992,0.6635997483169159,0.576770406704901,0.507536194064281,0.5586434981164835,0.13297568269079968,1.5898373402031658,0.29045013185483687,0.08101594376008868,0.6490718748895521]}}
{"label":0,"features":{"type":0,"size":20,"indices":[0,1,2,5,6,8,10,12,13,14,15,16,17,19],"values":[0.128541085622934,1.050391128097887,0.07937549653448508,0.023391842493943937,1.2047448242453003,0.03968774826724254,0.22119991610563863,0.16917873135476033,1.117286996232967,0.39892704807239904,0.6359349360812663,0.07261253296370922,0.5251955640489435,0.6490718748895521]}}
{"label":0,"features":{"type":0,"size":20,"indices":[0,1,3,5,6,8,9,10,11,12,13,14,15,16,17,19],"values":[0.128541085622934,0.5251955640489435,0.3126341220652705,0.023391842493943937,1.2047448242453003,0.03968774826724254,0.10233871322890992,0.44239983221127727,0.1153540813409802,0.33835746270952066,0.5586434981164835,0.5319027307631987,0.6359349360812663,0.14522506592741843,1.050391128097887,0.6490718748895521]}}
{"label":0,"features":{"type":0,"size":20,"indices":[0,2,4,5,6,8,10,12,13,14,15],"values":[0.128541085622934,0.07937549653448508,0.39443590283830665,0.031189123325258583,1.2047448242453003,0.11906324480172763,0.22119991610563863,0.507536194064281,2.234573992465934,0.26595136538159936,0.6359349360812663]}}
{"label":0,"features":{"type":0,"size":20,"indices":[0,2,3,4,5,6,8,9,10,11,12,13,14,15,16,18,19],"values":[0.38562325686880206,0.15875099306897017,0.625268244130541,0.39443590283830665,0.023391842493943937,1.606326432327067,0.11906324480172763,0.20467742645781983,0.6635997483169159,0.4614163253639208,0.33835746270952066,1.6759304943494504,0.7978540961447981,2.225772276284432,0.29045013185483687,0.16203188752017736,0.4327145832597014]}}
{"label":0,"features":{"type":0,"size":20,"indices":[0,1,2,3,4,5,6,7,8,10,11,13,14,15,16,17,18,19],"values":[0.257082171245868,1.5755866921468304,0.1984387413362127,0.3126341220652705,0.19721795141915333,0.019493202078286614,1.606326432327067,0.44239983221127727,0.15875099306897017,0.44239983221127727,0.1153540813409802,1.6759304943494504,0.5319027307631987,0.9539024041218994,0.4356751977822553,1.5755866921468304,0.24304783128026602,1.0817864581492536]}}
{"label":0,"features":{"type":0,"size":20,"indices":[0,2,3,4,5,6,7,8,9,10,11,12,14,15,16,17,18,19],"values":[0.257082171245868,0.15875099306897017,0.3126341220652705,1.18330770851492,0.019493202078286614,0.8031632161635335,0.8847996644225545,0.1984387413362127,0.10233871322890992,0.44239983221127727,0.4614163253639208,0.8458936567738017,0.39892704807239904,0.9539024041218994,0.5809002637096737,2.100782256195774,0.16203188752017736,0.4327145832597014]}}
{"label":0,"features":{"type":0,"size":20,"indices":[2,4,5,6,7,8,9,10,11,13,14,15,16,17,19],"values":[0.07937549653448508,0.59165385425746,0.035087763740915906,2.4094896484906005,0.22119991610563863,0.11906324480172763,0.10233871322890992,0.44239983221127727,0.2307081626819604,2.234573992465934,0.39892704807239904,0.6359349360812663,0.14522506592741843,2.100782256195774,0.8654291665194028]}}
{"label":0,"features":{"type":0,"size":20,"indices":[0,1,2,4,5,6,7,8,9,10,11,12,13,14,15,16,19],"values":[0.128541085622934,0.5251955640489435,0.15875099306897017,1.18330770851492,0.05458096581920252,1.2047448242453003,0.22119991610563863,0.15875099306897017,0.10233871322890992,0.22119991610563863,0.1153540813409802,0.33835746270952066,1.6759304943494504,0.5319027307631987,0.31796746804063314,0.21783759889112764,0.8654291665194028]}}
{"label":0,"features":{"type":0,"size":20,"indices":[0,2,3,4,5,6,7,8,9,10,11,12,13,14,16,17,18,19],"values":[0.257082171245868,0.11906324480172763,0.625268244130541,0.39443590283830665,0.035087763740915906,0.8031632161635335,0.22119991610563863,0.15875099306897017,0.30701613968672975,0.22119991610563863,1.0381867320688218,0.33835746270952066,0.5586434981164835,0.5319027307631987,0.14522506592741843,1.050391128097887,0.16203188752017736,0.4327145832597014]}}
{"label":0,"features":{"type":0,"size":20,"indices":[0,2,3,4,5,7,8,10,11,13,14,16,17],"values":[0.257082171245868,0.03968774826724254,0.3126341220652705,0.39443590283830665,0.015594561662629292,0.22119991610563863,0.07937549653448508,0.44239983221127727,0.1153540813409802,0.5586434981164835,0.39892704807239904,0.07261253296370922,0.5251955640489435]}}
{"label":0,"features":{"type":0,"size":20,"indices":[0,1,2,3,4,5,6,7,8,10,11,12,13,14,16,17,18,19],"values":[0.7712465137376041,1.050391128097887,0.11906324480172763,0.625268244130541,0.19721795141915333,0.046783684987887875,0.8031632161635335,0.8847996644225545,0.1984387413362127,1.5483994127394705,0.4614163253639208,0.8458936567738017,1.6759304943494504,0.7978540961447981,0.21783759889112764,1.5755866921468304,0.24304783128026602,0.6490718748895521]}}
{"label":0,"features":{"type":0,"size":20,"indices":[0,2,4,5,6,7,8,9,10,13,14,15,16,17,19],"values":[0.38562325686880206,0.11906324480172763,0.19721795141915333,0.031189123325258583,0.40158160808176674,0.6635997483169159,0.11906324480172763,0.10233871322890992,0.44239983221127727,1.117286996232967,0.26595136538159936,0.31796746804063314,0.14522506592741843,0.5251955640489435,0.6490718748895521]}}
{"label":0,"features":{"type":0,"size":20,"indices":[0,2,5,6,7,8,9,10,11,12,13,14,15,16,17,18],