{"label":0,"features":{"type":0,"size":20,"indices":[1,4,5,6,9,12,13,14,15,17,18,19],"values":[1.050391128097887,0.19721795141915333,0.031189123325258583,0.40158160808176674,0.20467742645781983,0.507536194064281,1.6759304943494504,0.5319027307631987,1.2718698721625326,0.5251955640489435,0.16203188752017736,0.2163572916298507]}}
{"label":0,"features":{"type":0,"size":20,"indices":[0,1,2,4,5,6,7,8,10,11,16,19],"values":[0.128541085622934,0.5251955640489435,0.15875099306897017,0.39443590283830665,0.019493202078286614,0.40158160808176674,0.22119991610563863,0.23812648960345525,0.44239983221127727,0.2307081626819604,0.21783759889112764,0.6490718748895521]}}
{"label":0,"features":{"type":0,"size":20,"indices":[0,1,2,3,4,5,6,7,8,9,10,11,12,13,14,15,16,17,18,19],"values":[0.8997875993605381,1.5755866921468304,0.31750198613794034,1.5631706103263525,0.9860897570957666,0.046783684987887875,1.2047448242453003,1.1059995805281932,0.2778142378706978,0.5116935661445496,0.44239983221127727,0.8074785693868614,2.030144776257124,1.117286996232967,0.7978540961447981,0.6359349360812663,0.4356751977822553,2.6259778202447177,0.3240637750403547,0.2163572916298507]}}
{"label":0,"features":{"type":0,"size":20,"indices":[0,1,2,3,4,5,7,8,9,10,11,12,13,14,16,17,18,19],"values":[0.514164342491736,0.5251955640489435,0.15875099306897017,0.625268244130541,0.39443590283830665,0.031189123325258583,0.44239983221127727,0.35718973440518287,0.10233871322890992,0.22119991610563863,0.3460622440229406,1.015072388128562,1.6759304943494504,0.39892704807239904,0.4356751977822553,1.050391128097887,0.16203188752017736,0.4327145832597014]}}
{"label":0,"features":{"type":0,"size":20,"indices":[0,2,3,4,5,6,7,8,9,10,11,12,13,14,15,16,17,18,19],"values":[0.257082171245868,0.23812648960345525,0.9379023661958116,0.9860897570957666,0.031189123325258583,0.8031632161635335,1.1059995805281932,0.1984387413362127,0.30701613968672975,0.22119991610563863,0.1153540813409802,1.522608582192843,1.117286996232967,0.26595136538159936,2.225772276284432,0.5809002637096737,1.5755866921468304,0.4050797188004434,0.2163572916298507]}}
{"label":0,"features":{"type":0,"size":20,"indices":[0,1,2,3,4,5,6,7,8,9,10,11,12,13,14,15,16,17,18,19],"values":[0.257082171245868,3.151173384293661,0.436565230939668,0.625268244130541,1.5777436113532266,0.031189123325258583,0.8031632161635335,0.8847996644225545,0.4762529792069105,0.20467742645781983,0.22119991610563863,0.6921244880458812,2.030144776257124,2.7932174905824176,0.39892704807239904,1.2718698721625326,0.7261253296370922,2.6259778202447177,0.3240637750403547,0.6490718748895521]}}
{"label":0,"features":{"type":0,"size":20,"indices":[0,2,3,5,6,7,8,9,11,12,13,14,15,16,18,19],"values":[0.7712465137376041,0.2778142378706978,1.250536488261082,0.023391842493943937,0.40158160808176674,1.3271994966338319,0.23812648960345525,0.5116935661445496,0.4614163253639208,0.33835746270952066,1.6759304943494504,1.0638054615263974,2.225772276284432,0.5809002637096737,0.24304783128026602,0.6490718748895521]}}
{"label":0,"features":{"type":0,"size":20,"indices":[0,1,2,4,5,6,7,8,9,10,11,12,13,14,15,16,18],"values":[0.257082171245868,0.5251955640489435,0.15875099306897017,0.19721795141915333,0.035087763740915906,0.8031632161635335,0.22119991610563863,0.15875099306897017,0.20467742645781983,0.22119991610563863,0.8074785693868614,0.507536194064281,0.5586434981164835,0.26595136538159936,0.6359349360812663,0.14522506592741843,0.16203188752017736]}}
{"label":0,"features":{"type":0,"size":20,"indices":[0,1,2,3,4,5,6,7,8,9,10,11,12,13,14,15,16,17,18,19],"values":[0.38562325686880206,2.100782256195774,0.35718973440518287,2.188438854456894,0.19721795141915333,0.05458096581920252,1.2047448242453003,0.8847996644225545,0.23812648960345525,0.6140322793734595,0.44239983221127727,1.0381867320688218,0.33835746270952066,0.5586434981164835,0.7978540961447981,1.5898373402031658,0.5082877307459646,0.5251955640489435,0.3240637750403547,1.7308583330388057]}}
{"label":0,"features":{"type":0,"size":20,"indices":[1,2,4,5,6,7,8,9,10,12,13,14,15,16,18],"values":[0.5251955640489435,0.03968774826724254,0.7888718056766133,0.035087763740915906,1.2047448242453003,0.44239983221127727,0.15875099306897017,0.10233871322890992,0.44239983221127727,1.015072388128562,1.117286996232967,0.39892704807239904,0.31796746804063314,0.4356751977822553,0.16203188752017736]}}
{"label":0,"features":{"type":0,"size":20,"indices":[0,2,3,4,5,7,8,10,11,13,15,16,17,18,19],"values":[0.38562325686880206,0.15875099306897017,0.3126341220652705,0.59165385425746,0.0506823254035452,0.22119991610563863,0.35718973440518287,0.22119991610563863,0.2307081626819604,2.7932174905824176,0.9539024041218994,0.14522506592741843,1.5755866921468304,0.16203188752017736,1.2981437497791042]}}
{"label":0,"features":{"type":0,"size":20,"indices":[0,1,2,3,4,5,6,7,8,10,11,12,13,14,16,17,18,19],"values":[0.514164342491736,1.050391128097887,0.11906324480172763,0.9379023661958116,0.7888718056766133,0.02729048290960126,1.2047448242453003,0.44239983221127727,0.31750198613794034,0.22119991610563863,0.576770406704901,1.6917873135476034,1.117286996232967,1.0638054615263974,0.14522506592741843,1.050391128097887,0.16203188752017736,0.8654291665194028]}}
{"label":0,"features":{"type":0,"size":20,"indices":[0,2,4,5,6,7,8,9,10,11,12,14,15,16,17,18],"values":[0.128541085622934,0.07937549653448508,0.19721795141915333,0.007797280831314646,1.2047448242453003,0.22119991610563863,0.03968774826724254,0.10233871322890992,0.22119991610563863,0.2307081626819604,0.8458936567738017,0.13297568269079968,0.31796746804063314,0.29045013185483687,1.050391128097887,0.08101594376008868]}}
{"label":0,"features":{"type":0,"size":20,"indices":[0,1,2,4,5,7,8,9,10,11,12,13,14,15,16,18,19],"values":[0.257082171245868,1.050391128097887,0.03968774826724254,0.39443590283830665,0.031189123325258583,0.44239983221127727,0.15875099306897017,0.20467742645781983,0.22119991610563863,0.1153540813409802,0.8458936567738017,0.5586434981164835,0.6648784134539985,1.9078048082437988,0.3630626648185461,0.08101594376008868,0.2163572916298507]}}
{"label":0,"features":{"type":0,"size":20,"indices":[0,2,3,4,5,7,8,9,10,11,12,14,15,16,17,18],"values":[0.38562325686880206,0.31750198613794034,0.3126341220652705,0.59165385425746,0.0506823254035452,0.44239983221127727,0.07937549653448508,0.30701613968672975,0.8847996644225545,0.8074785693868614,0.33835746270952066,0.5319027307631987,0.6359349360812663,0.5809002637096737,2.6259778202447177,0.16203188752017736]}}
{"label":0,"features":{"type":0,"size":20,"indices":[0,3,5,6,8,9,10,13,14,15,16],"values":[0.128541085622934,0.3126341220652705,0.015594561662629292,0.40158160808176674,0.03968774826724254,0.10233871322890992,0.6635997483169159,0.5586434981164835,0.39892704807239904,0.31796746804063314,0.14522506592741843]}}
{"label":0,"features":{"type":0,"size":20,"indices":[0,1,2,4,5,6,8,10,11,12,14,15,16,18,19],"values":[0.257082171245868,0.5251955640489435,0.1984387413362127,0.19721795141915333,0.035087763740915906,2.811071256572367,0.2778142378706978,0.22119991610563863,0.4614163253639208,0.507536194064281,1.329756826907997,0.9539024041218994,0.14522506592741843,0.16203188752017736,0.8654291665194028]}}
{"label":0,"features":{"type":0,"size":20,"indices":[1,2,3,5,6,7,8,9,11,12,13,14,15,18,19],"values":[0.5251955640489435,0.07937549653448508,0.625268244130541,0.011695921246971969,0.40158160808176674,0.22119991610563863,0.07937549653448508,0.40935485291563967,0.2307081626819604,0.33835746270952066,1.6759304943494504,0.5319027307631987,0.31796746804063314,0.08101594376008868,0.4327145832597014]}}
{"label":0,"features":{"type":0,"size":20,"indices":[0,2,3,4,5,8,9,11,12,14,15,16,17,18],"values":[0.128541085622934,0.07937549653448508,0.625268244130541,0.59165385425746,0.019493202078286614,0.23812648960345525,0.20467742645781983,0.1153540813409802,0.8458936567738017,0.13297568269079968,1.2718698721625326,0.4356751977822553,0.5251955640489435,0.24304783128026602]}}
{"label":0,"features":{"type":0,"size":20,