{"label":2,"features":{"type":0,"size":20,"indices":[0,1,2,3,4,5,6,7,8,9,10,11,12,14,15,16,17,18,19],"values":[0.8997875993605381,0.5251955640489435,0.31750198613794034,0.9379023661958116,1.3805256599340732,0.031189123325258583,1.2047448242453003,0.22119991610563863,0.3968774826724254,0.30701613968672975,0.8847996644225545,1.3842489760917625,0.6767149254190413,0.7978540961447981,0.6359349360812663,0.7261253296370922,1.5755866921468304,0.3240637750403547,0.4327145832597014]}}
{"label":2,"features":{"type":0,"size":20,"indices":[2,3,4,5,6,8,9,10,11,12,13,15,16,18,19],"values":[0.2778142378706978,0.3126341220652705,0.39443590283830665,0.031189123325258583,0.40158160808176674,0.2778142378706978,0.10233871322890992,0.44239983221127727,0.1153540813409802,0.16917873135476033,1.117286996232967,0.9539024041218994,0.4356751977822553,0.24304783128026602,0.2163572916298507]}}
{"label":2,"features":{"type":0,"size":20,"indices":[0,1,2,3,4,5,6,7,8,9,10,11,12,13,14,15,16,17,18,19],"values":[0.257082171245868,0.5251955640489435,0.2778142378706978,0.625268244130541,0.39443590283830665,0.02729048290960126,1.606326432327067,0.6635997483169159,0.4762529792069105,0.30701613968672975,0.44239983221127727,0.8074785693868614,1.522608582192843,1.6759304943494504,0.5319027307631987,0.31796746804063314,0.4356751977822553,1.5755866921468304,0.3240637750403547,1.2981437497791042]}}
{"label":2,"features":{"type":0,"size":20,"indices":[0,1,2,4,5,6,7,8,9,11,12,13,14,15,16,17,18,19],"values":[0.257082171245868,0.5251955640489435,0.3968774826724254,0.39443590283830665,0.019493202078286614,0.40158160808176674,1.1059995805281932,0.23812648960345525,0.30701613968672975,1.3842489760917625,0.16917873135476033,1.6759304943494504,0.5319027307631987,1.2718698721625326,0.5809002637096737,0.5251955640489435,0.5671116063206207,0.4327145832597014]}}
