{"label":2,"features":{"type":0,"size":20,"indices":[0,1,2,4,5,7,8,9,10,11,12,13,14,15,16,17,18,19],"values":[0.38562325686880206,1.050391128097887,0.1984387413362127,0.59165385425746,0.031189123325258583,0.44239983221127727,0.23812648960345525,0.10233871322890992,0.22119991610563863,0.4614163253639208,0.8458936567738017,0.5586434981164835,0.9308297788355977,0.9539024041218994,0.4356751977822553,1.5755866921468304,0.48609566256053205,0.2163572916298507]}}
{"label":2,"features":{"type":0,"size":20,"indices":[0,1,2,4,5,6,7,8,9,13,15,16,18,19],"values":[0.128541085622934,1.050391128097887,0.07937549653448508,0.19721795141915333,0.015594561662629292,1.2047448242453003,0.44239983221127727,0.2778142378706978,0.30701613968672975,0.5586434981164835,0.31796746804063314,0.5809002637096737,0.3240637750403547,0.8654291665194028]}}
{"label":2,"features":{"type":0,"size":20,"indices":[0,1,2,3,4,5,7,8,9,10,11,13,14,16,17,18,19],"values":[0.514164342491736,2.100782256195774,0.23812648960345525,0.3126341220652705,0.19721795141915333,0.015594561662629292,0.8847996644225545,0.15875099306897017,0.20467742645781983,0.22119991610563863,0.4614163253639208,0.5586434981164835,0.26595136538159936,0.3630626648185461,0.5251955640489435,0.24304783128026602,0.2163572916298507]}}
{"label":2,"features":{"type":0,"size":20,"indices":[0,1,2,3,4,5,6,7,8,9,11,12,13,14,15,16,17,18,19],"values":[0.128541085622934,0.5251955640489435,0.23812648960345525,0.9379023661958116,0.7888718056766133,0.019493202078286614,1.2047448242453003,0.22119991610563863,0.15875099306897017,0.10233871322890992,0.9228326507278416,0.16917873135476033,1.6759304943494504,0.26595136538159936,0.6359349360812663,0.29045013185483687,1.050391128097887,0.08101594376008868,0.6490718748895521]}}
{"label":2,"features":{"type":0,"size":20,"indices":[0,1,2,5,8,9,10,11,12,14,15,16,17,18,19],"values":[0.128541085622934,0.5251955640489435,0.07937549653448508,0.011695921246971969,0.03968774826724254,0.10233871322890992,0.22119991610563863,0.1153540813409802,0.6767149254190413,0.26595136538159936,0.31796746804063314,0.14522506592741843,1.050391128097887,0.16203188752017736,0.8654291665194028]}}
